{
  "resources": [
    "sounds/words.mp3"
  ],
  "spritemap": {
    "a": {
      "start": 0,
      "end": 0.5893333333333334,
      "loop": false
    },
    "b": {
      "start": 1,
      "end": 1.4832083333333332,
      "loop": false
    },
    "c": {
      "start": 2,
      "end": 2.5592083333333333,
      "loop": false
    },
    "d": {
      "start": 3,
      "end": 3.5280833333333335,
      "loop": false
    },
    "e": {
      "start": 4,
      "end": 4.4314583333333335,
      "loop": false
    },
    "f": {
      "start": 5,
      "end": 5.62475,
      "loop": false
    },
    "g": {
      "start": 6,
      "end": 6.3693333333333335,
      "loop": false
    },
    "h": {
      "start": 7,
      "end": 7.572958333333333,
      "loop": false
    },
    "i": {
      "start": 8,
      "end": 8.528125,
      "loop": false
    },
    "j": {
      "start": 9,
      "end": 9.669625,
      "loop": false
    },
    "k": {
      "start": 10,
      "end": 10.566083333333333,
      "loop": false
    },
    "l": {
      "start": 11,
      "end": 11.531583333333334,
      "loop": false
    },
    "m": {
      "start": 12,
      "end": 12.597166666666666,
      "loop": false
    },
    "n": {
      "start": 13,
      "end": 13.728333333333333,
      "loop": false
    },
    "o": {
      "start": 14,
      "end": 14.631666666666666,
      "loop": false
    },
    "p": {
      "start": 15,
      "end": 15.476375,
      "loop": false
    },
    "q": {
      "start": 16,
      "end": 16.659291666666668,
      "loop": false
    },
    "r": {
      "start": 17,
      "end": 17.683416666666666,
      "loop": false
    },
    "s": {
      "start": 18,
      "end": 18.7145,
      "loop": false
    },
    "t": {
      "start": 19,
      "end": 19.597166666666666,
      "loop": false
    },
    "u": {
      "start": 20,
      "end": 20.777666666666665,
      "loop": false
    },
    "v": {
      "start": 21,
      "end": 21.626458333333332,
      "loop": false
    },
    "w": {
      "start": 22,
      "end": 22.595416666666665,
      "loop": false
    },
    "x": {
      "start": 23,
      "end": 23.5885,
      "loop": false
    },
    "y": {
      "start": 24,
      "end": 24.636833333333332,
      "loop": false
    },
    "z": {
      "start": 25,
      "end": 25.598875,
      "loop": false
    }
  }
}