{
  "resources": ["sounds/words.mp3"],
  "spritemap": {
    "a": {
      "start": 0,
      "end": 0.5893197278911565,
      "loop": false
    },
    "b": {
      "start": 1,
      "end": 1.483219954648526,
      "loop": false
    },
    "c": {
      "start": 2,
      "end": 2.559183673469388,
      "loop": false
    },
    "d": {
      "start": 3,
      "end": 3.528095238095238,
      "loop": false
    },
    "e": {
      "start": 4,
      "end": 4.4314512471655325,
      "loop": false
    },
    "f": {
      "start": 5,
      "end": 5.624739229024943,
      "loop": false
    },
    "g": {
      "start": 6,
      "end": 6.369319727891156,
      "loop": false
    },
    "h": {
      "start": 7,
      "end": 7.57297052154195,
      "loop": false
    },
    "i": {
      "start": 8,
      "end": 8.5281179138322,
      "loop": false
    },
    "j": {
      "start": 9,
      "end": 9.669614512471655,
      "loop": false
    },
    "k": {
      "start": 10,
      "end": 10.56607709750567,
      "loop": false
    },
    "l": {
      "start": 11,
      "end": 11.53156462585034,
      "loop": false
    },
    "m": {
      "start": 12,
      "end": 12.597142857142858,
      "loop": false
    },
    "n": {
      "start": 13,
      "end": 13.728321995464853,
      "loop": false
    },
    "o": {
      "start": 14,
      "end": 14.631655328798185,
      "loop": false
    },
    "p": {
      "start": 15,
      "end": 15.476349206349207,
      "loop": false
    },
    "q": {
      "start": 16,
      "end": 16.659274376417233,
      "loop": false
    },
    "r": {
      "start": 17,
      "end": 17.683424036281178,
      "loop": false
    },
    "s": {
      "start": 18,
      "end": 18.714489795918368,
      "loop": false
    },
    "t": {
      "start": 19,
      "end": 19.597142857142856,
      "loop": false
    },
    "u": {
      "start": 20,
      "end": 20.77764172335601,
      "loop": false
    },
    "v": {
      "start": 21,
      "end": 21.626462585034012,
      "loop": false
    },
    "w": {
      "start": 22,
      "end": 22.595419501133787,
      "loop": false
    },
    "x": {
      "start": 23,
      "end": 23.588503401360544,
      "loop": false
    },
    "y": {
      "start": 24,
      "end": 24.636825396825397,
      "loop": false
    },
    "z": {
      "start": 25,
      "end": 25.59886621315193,
      "loop": false
    }
  }
}
